,F-statistic,p-value
PP_h,4.426987646499838,0.0015528213631418664
RP_h,5.126200390923768,0.0005495421835900724
IP_h,3.0763546798029617,0.013549088851302156
