F-statistic,p-value
376.5006566850553,1.993768609844395e-25
