,F-statistic,p-value
PP_h,3.0931009918351684,0.013173785390915089
RP_h,2.744903293256666,0.023752604358268252
IP_h,2.8929177097633874,0.018463272557103973
